drop schema public cascade;
--CREATE SCHEMA PUBLIC;
---

create table users (
    id bigint not null, --generated by default as identity primary key,
    name varchar(100) not null,
    info varchar(200),
    constraint users_pk primary key (id)
);
--alter table users
--add constraint users_pk primary key (id);
create table clinic (
    id bigint generated by default as identity primary key,
    name varchar(100) not null,
    city_id bigint not null
);
create table city (
    id bigint generated by default as identity primary key,
    name varchar(50) not null
);
create table bill (
    id bigint generated by default as identity primary key,
    amount decimal(15,2) not null,
    discount decimal(15,2),
    date timestamp with time zone not null
);
create table clinic_users (
    clinic_id bigint not null,
    user_id bigint not null
);
create table user_bills (
    user_id bigint not null,
    bill_id bigint not null
);
create global temporary table names2(
    name varchar(100)
);

---

alter table clinic       add constraint clinic_fk2       foreign key (city_id)   references city(id);
alter table clinic_users add constraint clinic_users_fk0 foreign key (clinic_id) references clinic(id);
alter table clinic_users add constraint clinic_users_fk1 foreign key (user_id)   references users(id);
alter table user_bills   add constraint user_bills_fk0   foreign key (user_id)   references users(id);
alter table user_bills   add constraint user_bills_fk1   foreign key (bill_id)   references bill(id);
---

insert into users(id, name, info) values (1, 'Joe', null);
insert into users(id, name, info) values (2, 'Donald', 'Do not disturb');

insert into city(id, name) values (1, 'London');
insert into city(id, name) values (2, 'Paris');

insert into clinic(id, name, city_id) values (1, 'Paris Neurology Hospital', 2);
insert into clinic(id, name, city_id) values (2, 'London Heart Hospital', 1);
insert into clinic(id, name, city_id) values (3, 'Diagnostic center', 1);

--insert into bill(id, amount, discount, date) values(1, 2000.55, null, to_timestamp('2024-07-01 12:00:00', 'YYYY-MM-DD HH24:MI:SS'));
--insert into bill(id, amount, discount, date) values(2, 1000.20, null, to_timestamp('2024-07-01 16:00:00', 'YYYY-MM-DD HH24:MI:SS'));
--insert into bill(id, amount, discount, date) values(3, 5000, null,    to_timestamp('2024-08-01 15:00:00', 'YYYY-MM-DD HH24:MI:SS'));
--insert into bill(id, amount, discount, date) values(4, 7000.77, null, to_timestamp('2024-08-01 15:00:00', 'YYYY-MM-DD HH24:MI:SS'));
--insert into bill(id, amount, discount, date) values(5, 500.10, null,  to_timestamp('2024-09-01 15:00:00', 'YYYY-MM-DD HH24:MI:SS'));

insert into bill(id, amount, discount, date) values(1, 2000.55, null, timestamp '2024-07-01 12:00:00+0:00');
insert into bill(id, amount, discount, date) values(2, 1000.20, null, timestamp '2024-07-01 16:00:00+0:00');
insert into bill(id, amount, discount, date) values(3, 5000, null,    timestamp '2024-08-01 15:00:00+0:00');
insert into bill(id, amount, discount, date) values(4, 7000.77, null, timestamp '2024-08-01 15:00:00+0:00');
insert into bill(id, amount, discount, date) values(5, 500.10, null,  timestamp '2024-09-01 15:00:00+0:00');

insert into clinic_users values(1, 2);
insert into clinic_users values(2, 1);

insert into user_bills values(1, 1);
insert into user_bills values(1, 2);
insert into user_bills values(2, 3);
insert into user_bills values(2, 4);
insert into user_bills values(2, 5);
---

create procedure digit_magic(in x int, inout y int, out z int)
    begin atomic
        set y = y + x;
        set z = y + x;
    end;
create procedure bill_zero()
modifies sql data
    begin atomic
        update bill set amount = 0;
    end;
create procedure discount_bill(in datedisc datetime)
modifies sql data
    begin atomic
        update bill set discount = amount * 0.1 where date = datedisc;
    end;

create table all_default_data_types(
    byte_type tinyint not null,
    byte_type_null tinyint
)

create procedure test_types_procedure(
        inout bigdecimal_type decimal(15,3),
        out bigdecimal_type_null decimal(15,3),
        inout boolean_type boolean,
        out boolean_type_null boolean,
        --bytearray_type bytea not null,
        --bytearray_type_null bytea,
        inout date_type date,
        out date_type_null date,
        inout integer_type integer,
        out integer_type_null integer,
        inout long_type bigint,
        out long_type_null bigint,
        inout string_type varchar(200),
        out string_type_null varchar(200),
        inout short_type smallint,
        out short_type_null smallint,
        inout byte_type tinyint,
        out byte_type_null tinyint,
        inout time_type time,
        out time_type_null time,
        inout timestamp_type timestamp,
        out timestamp_type_null timestamp)
    begin atomic
        declare b boolean;
        set b = true;
    end;
